path	size	mtime	sha256
/Users/tydroelite/.openclaw/workspace/.openclaw/workspace-state.json	70	1772723403	96357ed960554f9843681d0092dc417f2adb42c45bcdf7cd21f310eda3c18dbd
/Users/tydroelite/.openclaw/workspace/AGENTS.md	7869	1772723403	b9a756230e062b1ee3fa5ea17b5d78fa938703938b1ce79bab6e34af41bfdbe4
/Users/tydroelite/.openclaw/workspace/BOOTSTRAP.md	1470	1772723403	5c4cb81099167dc7901bf16d7d4b8fd4bdbb37d2ec57437952f9409f19b88e39
/Users/tydroelite/.openclaw/workspace/CONFIG_SNAPSHOT_PROCESS.md	733	1772742747	b4615c7075d6888bd1af336d1cb984703b76202762333b2d26a85bc4117a285b
/Users/tydroelite/.openclaw/workspace/DAILY_CHECKPOINT.md	609	1772742747	9c1efcde119821727ed34fa45ee99626ee2253fdf9cc105152999918aeb3d6db
/Users/tydroelite/.openclaw/workspace/DELEGATION_PLAYBOOK.md	6778	1772788567	058e0676d4d5f691e95e95fb11a67fd3a12ba69bb334c344799f6161efd0c03e
/Users/tydroelite/.openclaw/workspace/HEARTBEAT.md	168	1772723403	dac422286075ba178e9bae58154cc0ae8749a66854e438c9c58e8eb91f22c126
/Users/tydroelite/.openclaw/workspace/IDENTITY.md	636	1772723403	1379f924cf4b4d6d0a306ecc2544a913dab706a1325fcf8eb9b267686ee8551c
/Users/tydroelite/.openclaw/workspace/MEMORY.md	13578	1772789485	11b159673a569a4e46b2af7763910f9afe75aeec12a08e9a2d3c153bef609852
/Users/tydroelite/.openclaw/workspace/OBSIDIAN_WORKSPACE_SYNC_CRITERIA.md	812	1772742747	5497e2eca2a8fbd582cadf716f84e926c953fc1287cb2e25028a6d807cf35b1e
/Users/tydroelite/.openclaw/workspace/RUNBOOK.md	6044	1772788567	9813bfd40579719af30daa6db0c5a6725f28c0e6be426ffd67e362656dd835a5
/Users/tydroelite/.openclaw/workspace/SOUL.md	1673	1772723403	95c467f710183b2c0397c29ec4ef886bb723671a39ee767dc4d59165f723b68f
/Users/tydroelite/.openclaw/workspace/TOOLS.md	860	1772723403	78f3e26b8625ea283c615cec291d4978da5f9f01df730628c5c42094418b8dc2
/Users/tydroelite/.openclaw/workspace/USER.md	477	1772723403	178a5807bd2e6ace25b80a366f0f7d8d3f354a47f577c4ab0092397456b8738f
/Users/tydroelite/.openclaw/workspace/docs/agent-browser-integration.md	1973	1772785413	b484262593363e1445e5bc9027fb16a3e12dd376f6cf5f67ae86e74e9a086d65
/Users/tydroelite/.openclaw/workspace/docs/config-snapshots/cost-saver.md	441	1772742747	7a51bd587eae2d36477ed1584f2e3f582413f93689dfdbc5ecc4d2ba67959b72
/Users/tydroelite/.openclaw/workspace/docs/config-snapshots/jarvis-safe-fallback.md	468	1772742747	126006b3e18ad8f0c0492494b455888de2c9f9d8f6e4f2e345100ab47d754cdb
/Users/tydroelite/.openclaw/workspace/docs/config-snapshots/jarvis-stable.md	406	1772742747	1f661270033010fe630c9e91064428f32f4c0c6a47aeb71201cace40e2097950
/Users/tydroelite/.openclaw/workspace/docs/evidence-receipt-format-v2.md	2205	1772787438	582bb46c71ee606fd722dd615b061c5b05d9353417a417a38208988fbec41cbb
/Users/tydroelite/.openclaw/workspace/docs/optimization-sprint-2026-03-05.md	1264	1772744364	de0434c235b1c63c96fbefba1bc534d093dd44d9f2c46677679a23b5facf066d
/Users/tydroelite/.openclaw/workspace/docs/tight-mode/canonical-artifact-registry.md	1424	1772788556	d512387d0f2186c56500d7ee9dc8b2d359322723825352ef9a4a06b73aa5245b
/Users/tydroelite/.openclaw/workspace/docs/tight-mode/decision-board-template.md	1775	1772788556	66784eed35a90d17e6285ee666cbbac38a4e2f9d73be24f486d456bd53a2e4d1
/Users/tydroelite/.openclaw/workspace/docs/tight-mode/overnight-input-template.tsv	307	1772788571	87da8e206625d2a8f1a4fa8c19dd9e0481d1bc379735f53f640363b1cf085b65
/Users/tydroelite/.openclaw/workspace/docs/tight-mode/wip-kpi-policy.md	2260	1772788556	4d55dd666f9011c636eee047f6691d64b5b2b0f017e0c9d9336189bdf5a7e8d3
/Users/tydroelite/.openclaw/workspace/drafts/night-factory/2026-03-06/01-morning-triage.md	1938	1772781028	254958391da1eed68bc7d7a312310ffb59f9cf5e4257beadf24da3269c42cb83
/Users/tydroelite/.openclaw/workspace/drafts/night-factory/2026-03-06/02-sops.md	1773	1772781039	057f6d5dac7ca45a2ad5bfe16dcbfe99b8cdd826359db54afc586f9c2b214541
/Users/tydroelite/.openclaw/workspace/drafts/night-factory/2026-03-06/03-checklists.md	978	1772781045	ff412c04f427868c809fe3e126fea931493c33ec00db2cc31ff8dfe69a9a61aa
/Users/tydroelite/.openclaw/workspace/drafts/night-factory/2026-03-06/04-prompts-and-templates.md	1046	1772781052	0abe279938c6dceecffff8addab1370b1384eedceefbd8e5c44c29a26da503c1
/Users/tydroelite/.openclaw/workspace/drafts/night-factory/2026-03-06/05-implementation-plans.md	1626	1772781064	5736e736a28e5d800b2a97345d0ae93aa72071ca754e81ac8799b4a33178181c
/Users/tydroelite/.openclaw/workspace/drafts/overnight-draft-builder/2026-03-06-0420/01-scu-cadence-sop-draft.md	1042	1772788848	e03d7fd6ebfd5ec21abc54e0bfae64f816a2c841b04d5864651c5d515d4b73bf
/Users/tydroelite/.openclaw/workspace/drafts/overnight-draft-builder/2026-03-06-0420/02-navy-federal-funding-checklist.md	894	1772788848	30ea7f50a04eff0d8bef6f42a352a8efc838802dae2d0b172ded7161cb964209
/Users/tydroelite/.openclaw/workspace/drafts/overnight-draft-builder/2026-03-06-0420/03-digital-will-lineage-intake-script.md	974	1772788848	c93a332732be79bbdcf46d5ca82764400cd7e6c18db9243fe842756422e538f9
/Users/tydroelite/.openclaw/workspace/drafts/overnight-draft-builder/2026-03-06-0420/04-policy-of-truth-publication-brief.md	790	1772788848	fb2448321cd4bc5d76c560a56d311c4965b7c91f7cb793292ba44e59d3f5a884
/Users/tydroelite/.openclaw/workspace/drafts/overnight-draft-builder/2026-03-06-0420/05-timeout-safe-result-capture-implementation-brief.md	1021	1772788848	5c47c602579bb090000a64d9a867c958dfeb4fe07dc8cb28e2a27062efd38e63
/Users/tydroelite/.openclaw/workspace/drafts/overnight-draft-builder/2026-03-06-0420/06-discard-candidate-live-outreach-copy.md	365	1772788848	33eed4d23bc4d82f11973938fc1f6f58878f08c592e4f0b9254a61c24cc1e3c5
/Users/tydroelite/.openclaw/workspace/drafts/overnight-draft-builder/2026-03-06-0520/01-scu-cadence-verification-sop-v2.md	646	1772792436	ef3a919951f5d5a85f86fd39f70779d448ff23495214f16f1330f02f8221dd26
/Users/tydroelite/.openclaw/workspace/drafts/overnight-draft-builder/2026-03-06-0520/02-navy-federal-250-proof-checklist-v2.md	488	1772792436	cf8578304dca0e76bdebd380822125c9d9fe66f4b82e5bee7612ffd4042cce0a
/Users/tydroelite/.openclaw/workspace/drafts/overnight-draft-builder/2026-03-06-0520/03-digital-will-lineage-intake-questionnaire.md	572	1772792436	10d93239bbcaa9764bc3de1c8895da815f02a51204140bb89a0c2a08c2c19f39
/Users/tydroelite/.openclaw/workspace/drafts/overnight-draft-builder/2026-03-06-0520/04-policy-of-truth-publication-gate-proposal-skeleton.md	490	1772792436	c4d6f2878fcc0f6fc5b3c9bbb9dde5cc8c75d4c72f15e968992db775c05a30eb
/Users/tydroelite/.openclaw/workspace/drafts/overnight-draft-builder/2026-03-06-0520/05-timeout-safe-result-capture-implementation-plan-v2.md	578	1772792436	3bede9bab12afcc70d0b7c96a7cdcf4eb758de78e5c51b8755ebad79b7d2fd7f
/Users/tydroelite/.openclaw/workspace/drafts/overnight-draft-builder/2026-03-06-0520/06-discard-candidate-proactive-outreach-copy.md	305	1772792436	25d9d8afecfc2cfb3918b936ef944434e671d34c858e2fe89c9686233a55fb24
/Users/tydroelite/.openclaw/workspace/logs/daily-health-check.err.log	0	1772757333	e3b0c44298fc1c149afbf4c8996fb92427ae41e4649b934ca495991b7852b855
/Users/tydroelite/.openclaw/workspace/logs/daily-health-check.out.log	54	1772757334	1ea9ca56b1bef26058f6a15c570158122aaa8babe756b0069227b15ab99f1efa
/Users/tydroelite/.openclaw/workspace/logs/eod-memory-promotion.err.log	0	1772757333	e3b0c44298fc1c149afbf4c8996fb92427ae41e4649b934ca495991b7852b855
/Users/tydroelite/.openclaw/workspace/logs/eod-memory-promotion.out.log	152	1772771401	351e52b4b0a2761f90a5e07c82064514c2aed9a3ff536ce329f3cc334494c5c2
/Users/tydroelite/.openclaw/workspace/logs/token-budget-dashboard.err.log	0	1772757333	e3b0c44298fc1c149afbf4c8996fb92427ae41e4649b934ca495991b7852b855
/Users/tydroelite/.openclaw/workspace/logs/token-budget-dashboard.out.log	112	1772762405	8dc3e01f5845bfb950bef53e9b256fc47c3d7e58ef98ab00bab772f9c1a5da83
/Users/tydroelite/.openclaw/workspace/memory/2026-03-05.md	15265	1772771401	0a6cf71a08ef70462c1888b9ed6e659da8bfd544db0104fe055c6e8573b78b7b
/Users/tydroelite/.openclaw/workspace/memory/2026-03-06.md	21300	1772793246	d0279e832a72ce04ad7c2eb38ef86cd6392c3a2da951de74a193101c5024eb7c
/Users/tydroelite/.openclaw/workspace/memory/checkpoints/2026-01-to-present-ledger.md	3251	1772760058	9c74a24620b77f42afc897531903a34a78055265ef5927e5d3d105155b95e30f
/Users/tydroelite/.openclaw/workspace/memory/checkpoints/2026-03-checkpoint.md	3247	1772757996	cc1b5552661d9ef20dfc0165b9c4bdfc8e127a0917f8c2901c2d941f9788e8fd
/Users/tydroelite/.openclaw/workspace/memory/checkpoints/CATCHUP_NOW_MASTER.md	8616	1772760335	10af7ba89b2a514db30afe4a548b285d3371cc2bab707cfdd5dd0dd0f7e7cdf6
/Users/tydroelite/.openclaw/workspace/memory/checkpoints/JANUARY_RECOVERY_REPORT_2026-03-06.md	6430	1772788775	94d622393eb22a46e9ba2a76c26179d3182276774bae6bc9ed6751ffe292a78c
/Users/tydroelite/.openclaw/workspace/memory/checkpoints/JANUARY_SOURCE_INDEX.tsv	35300	1772788736	629154a3f1cb998521a96cb1060383fc2620c146a60477f7596811ac4a36cfe6
/Users/tydroelite/.openclaw/workspace/memory/checkpoints/OPERATOR_BRIEFING_6W.md	4738	1772760220	b3cc2c902c45db657f252c0fd9389eb463e5f9807db59082c7e1256a7ba01179
/Users/tydroelite/.openclaw/workspace/memory/checkpoints/exp_openclaw_allfiles.txt	1016201	1772788504	9491a0da8d1aad7980a7044ffe8eafeaeedc978863f1d2dbdfca591b876b0bc2
/Users/tydroelite/.openclaw/workspace/memory/checkpoints/exp_session_files.txt	157898	1772788677	3fdcc86ddf06b5fd9de143a9c61c508ccbb2171966c1b7e0586392476749edaa
/Users/tydroelite/.openclaw/workspace/memory/checkpoints/expansion_candidates.txt	0	1772788494	e3b0c44298fc1c149afbf4c8996fb92427ae41e4649b934ca495991b7852b855
/Users/tydroelite/.openclaw/workspace/memory/checkpoints/jan_expansion.json	33067	1772788592	198e8d96f48e47c84f1615517c44e1d671c6cdf2795fcc57a131bebe935f4501
/Users/tydroelite/.openclaw/workspace/memory/checkpoints/jan_media_obsidian.json	2	1772788601	4f53cda18c2baa0c0354bb5f9a3ecbe5ed12ab4d8e11ba873c2f11161202b945
/Users/tydroelite/.openclaw/workspace/memory/checkpoints/jan_sessions.json	4283	1772788017	e16f9025f8098743ed6b67de32286fe32b5e83002ac5aa0b74cf5ac29d3172a3
/Users/tydroelite/.openclaw/workspace/memory/checkpoints/january_sources_paths.txt	27233	1772788705	13208bd541dce52460a8aa48dcd54de3cdf63ec7fbe5daf958eca049ec4d40e8
/Users/tydroelite/.openclaw/workspace/memory/index-refresh/high-signal-notes-2026-03-06T04-11-10.md	1544	1772788271	72b707bbb33e736657894dde405c58e7c53fe4d181f9a8f14a881b03dde90d33
/Users/tydroelite/.openclaw/workspace/memory/index-refresh/high-signal-notes-2026-03-06T04-41-34.md	3176	1772790094	267a91ddb2ca1bad065befc879c1488736177016b79f5160691ca2b9c56e09eb
/Users/tydroelite/.openclaw/workspace/memory/index-refresh/high-signal-notes-2026-03-06T05-11-31.md	4309	1772791891	a4e14126310316ed275d80c5c4b73b1c1296f0c148ced695abde05cabb103e29
/Users/tydroelite/.openclaw/workspace/memory/index-refresh/obsidian-delta-2026-03-06T04-11-10.txt	87	1772788271	9ff8c6af16f1879ec975493d78e255f0219b909b1e0cd48c45e9a48bdb52438d
/Users/tydroelite/.openclaw/workspace/memory/index-refresh/obsidian-delta-2026-03-06T05-11-31.txt	4249	1772791891	8204652d8c5a8847eaafdbf16783331795c16e87563c11f208d103e3beb03a03
/Users/tydroelite/.openclaw/workspace/memory/index-refresh/obsidian-inventory-2026-03-06T04-11-10.tsv	19750	1772788270	bacdf1a1cf913f1a42ee3f8a2a3acc54b96dc6329bfc0ee394cd07de2c7c2293
/Users/tydroelite/.openclaw/workspace/memory/index-refresh/obsidian-inventory-2026-03-06T05-11-31.tsv	25349	1772791891	dbea2e1ffd9a3f548ef2d67583e9b343a28c1ad03e9502c2e004cb70c3fdbf9c
/Users/tydroelite/.openclaw/workspace/memory/index-refresh/obsidian-sourcemap-2026-03-06T04-11-10.sha256	19497	1772788271	27cc67d9d418b6b2e7184e8311e761eabe053f13f708ade112255bbad0d06021
/Users/tydroelite/.openclaw/workspace/memory/index-refresh/obsidian-sourcemap-2026-03-06T05-11-31.sha256	23554	1772791891	2edd656c11d9067629085a28ae3d384c333f3b0e3e253ccf1d2d3829db702203
/Users/tydroelite/.openclaw/workspace/memory/index-refresh/workspace-delta-2026-03-06T04-11-10.txt	88	1772788271	84441c2a387a3ab32deca24a8429767896b83d50e24056fc31aa0152a6f5a84c
/Users/tydroelite/.openclaw/workspace/memory/index-refresh/workspace-delta-2026-03-06T05-11-31.txt	5157	1772791891	006d35bbab08cc706e0f9e58f381c56d52cf04b886d621d50728d273054ff16b
/Users/tydroelite/.openclaw/workspace/memory/index-refresh/workspace-inventory-2026-03-06T04-11-10.tsv	4610	1772788270	3f75018cc4053ab6bc68d33c95c268f327de6c2ed38be781de9a04c46b442a82
/Users/tydroelite/.openclaw/workspace/memory/index-refresh/workspace-inventory-2026-03-06T05-11-31.tsv	9477	1772791891	9f976c409bf1c434abcf1ae4a3c6e00c10ba63e26965a7fc231d71412a60841c
/Users/tydroelite/.openclaw/workspace/memory/index-refresh/workspace-sourcemap-2026-03-06T04-11-10.sha256	4992	1772788270	b7825f47faf8f46a71859296f833a70c05efe75d839a59a4385ae311b7341570
/Users/tydroelite/.openclaw/workspace/memory/index-refresh/workspace-sourcemap-2026-03-06T05-11-31.sha256	8643	1772791891	0793625342c51c70ae15fe1e99376c1699524109e9ea0f418cee5bfd6d472b09
/Users/tydroelite/.openclaw/workspace/memory/index/2026-03-06-expansion-integrity-audit-rehash-2026-03-06T05-00-59/EXHAUSTIVE_CONSOLIDATION_2026-03-06_v4-spotcheck.sha256	3177	1772791408	7471da5cdfa94e4f3f8142208b3f69d12e82034cbb9ba00d97b3d4e57a17fd35
/Users/tydroelite/.openclaw/workspace/memory/index/2026-03-06-expansion-integrity-audit-rehash-2026-03-06T05-00-59/EXHAUSTIVE_CONSOLIDATION_2026-03-06_v5-spotcheck.sha256	4028	1772791408	92eb3f4720fe00858de0125336088aed07e8417ac5766b3e554d3b5651caede5
/Users/tydroelite/.openclaw/workspace/memory/index/2026-03-06-expansion-integrity-audit-rehash-2026-03-06T05-00-59/audit-results.json	8383	1772791409	877b2d628722d80d5dadbe4d3b949064a890e26b063d47a590e7ddb1c0102643
/Users/tydroelite/.openclaw/workspace/memory/index/2026-03-06-expansion-integrity-audit-rehash-2026-03-06T05-00-59/audit-summary.md	1253	1772791409	874da1d1e066cd3a12810f9e7226683e535be8f994655cdf7d57d3180d4e0780
/Users/tydroelite/.openclaw/workspace/memory/index/2026-03-06-expansion-integrity-audit-rehash-2026-03-06T05-31-22/EXHAUSTIVE_CONSOLIDATION_2026-03-06_v4-spotcheck.sha256	3192	1772793228	29c7ed583e89ae3b6f013197112f1c9ca4ad59c941db8583475120da965f32fb
/Users/tydroelite/.openclaw/workspace/memory/index/2026-03-06-expansion-integrity-audit-rehash-2026-03-06T05-31-22/EXHAUSTIVE_CONSOLIDATION_2026-03-06_v5-spotcheck.sha256	3436	1772793228	a6aa9b26027f74c84ab739946db9293f291082fa39602178301e25f79c9706f3
/Users/tydroelite/.openclaw/workspace/memory/index/2026-03-06-expansion-integrity-audit-rehash-2026-03-06T05-31-22/audit-results.json	8386	1772793230	e859642f9da9464557b6fc9320328054afd2659cbd0d6fadcabf1c56eece63b0
/Users/tydroelite/.openclaw/workspace/memory/index/2026-03-06-expansion-integrity-audit-rehash-2026-03-06T05-31-22/audit-summary.md	1253	1772793230	7f037dffab229b18f1a339f884d10407da3617124c7ea41704c7fdd0c76814ae
/Users/tydroelite/.openclaw/workspace/memory/index/2026-03-06-expansion-integrity-audit-rehash/EXHAUSTIVE_CONSOLIDATION_2026-03-06_v4-spotcheck.sha256	5310	1772789488	15f439cb1cc18f1f2e4676089a2bcacb1015dd2b13d3eaa3afcac44ca5ebcbaa
/Users/tydroelite/.openclaw/workspace/memory/index/2026-03-06-expansion-integrity-audit-rehash/EXHAUSTIVE_CONSOLIDATION_2026-03-06_v5-spotcheck.sha256	5549	1772789488	fa7fdfea6f3a319a6e7d6744eaf2be3171c0b7d3b57232f639c44eff5d441d23
/Users/tydroelite/.openclaw/workspace/memory/index/2026-03-06-expansion-integrity-audit-rehash/audit-results.json	31301	1772789488	a6f263f22fc22fb7a379fd4b7e89916f11cee460833bb10361512efed1df2683
/Users/tydroelite/.openclaw/workspace/memory/index/2026-03-06-expansion-integrity-audit-rehash/audit-summary.md	915	1772789488	7ffdd763571477e65cf7dd03eefcf8fca9dc710c1ef5a614c236feb037b8914c
/Users/tydroelite/.openclaw/workspace/memory/index/2026-03-06-expansion-integrity-audit/audit-results.json	10973	1772787763	79bf49103fa93013e09694e1058adf40586c4ef9302631d936f32fa84a40c000
/Users/tydroelite/.openclaw/workspace/memory/index/2026-03-06-expansion-integrity-audit/audit-summary.md	4333	1772787763	2c08f5e5d19065bc66e2dd72cf9db5e4c176d43a66c777b9cdf6c6f783b579a1
/Users/tydroelite/.openclaw/workspace/memory/index/2026-03-06-night-obsidian-refresh/continuity-delta.md	4107	1772791891	551823f60672f3f34ac78e9ca0cdbbe93cb4e66fef0635186fde806c92c20c0d
/Users/tydroelite/.openclaw/workspace/memory/index/2026-03-06-night-obsidian-refresh/high-signal-changed-2026-03-06T04-12-05.tsv	1059	1772788325	c89b1f5f9d44c7cabf0556be6233f554688a3824771ef7cdce20ca5bf42f4adf
/Users/tydroelite/.openclaw/workspace/memory/index/2026-03-06-night-obsidian-refresh/high-signal-changed-2026-03-06T04-41-34.tsv	1338	1772790094	e5aaa9c99a74babea88057aab0270ee60b814fb28538bd8589b408c8f927f35f
/Users/tydroelite/.openclaw/workspace/memory/index/2026-03-06-night-obsidian-refresh/high-signal-changed-2026-03-06T05-11-31.tsv	1332	1772791891	486843b95354799eaa860b9ee68d2e7022a250597c7107244bcaedc1e1549052
/Users/tydroelite/.openclaw/workspace/memory/index/2026-03-06-night-obsidian-refresh/high-signal-changed.tsv	1332	1772791891	486843b95354799eaa860b9ee68d2e7022a250597c7107244bcaedc1e1549052
/Users/tydroelite/.openclaw/workspace/memory/index/2026-03-06-night-obsidian-refresh/high-signal-new-2026-03-06T04-12-05.tsv	396	1772788325	637ca0ccd34a753bd31213bccf7b8d2fbdacb892a38dcc8c7e65155ed904ce51
/Users/tydroelite/.openclaw/workspace/memory/index/2026-03-06-night-obsidian-refresh/high-signal-new-2026-03-06T04-41-34.tsv	2785	1772790094	0796f4c77155b0df16dbab960a52f9ea48cee7034933ec32da264fc43bfa282b
/Users/tydroelite/.openclaw/workspace/memory/index/2026-03-06-night-obsidian-refresh/high-signal-new-2026-03-06T05-11-31.tsv	4224	1772791891	29ea501deac70e15f99304dd11613e5da47fbd13f6fe0a5a91396adafa8f0922
/Users/tydroelite/.openclaw/workspace/memory/index/2026-03-06-night-obsidian-refresh/high-signal-new.tsv	4224	1772791891	29ea501deac70e15f99304dd11613e5da47fbd13f6fe0a5a91396adafa8f0922
/Users/tydroelite/.openclaw/workspace/memory/index/2026-03-06-night-obsidian-refresh/inventory-current.tsv	34177	1772791891	71a1604dcf60b6f05e7de4a81df22362363fc6b3a093fea8972446efe59b962a
/Users/tydroelite/.openclaw/workspace/memory/index/2026-03-06-night-obsidian-refresh/inventory-refresh-2026-03-06T04-12-05.tsv	31161	1772788325	bfdeaaa562248ccc59dac04930ba0a1cfea3a2ad2a3827659800a377f8f39e4e
/Users/tydroelite/.openclaw/workspace/memory/index/2026-03-06-night-obsidian-refresh/inventory-refresh-2026-03-06T04-41-34.tsv	35197	1772790094	809a4226bad030b93ffcf53c6b0b0f3fe49b20e1c219494905775829ee630386
/Users/tydroelite/.openclaw/workspace/memory/index/2026-03-06-night-obsidian-refresh/inventory-refresh-2026-03-06T05-11-31.tsv	34177	1772791891	71a1604dcf60b6f05e7de4a81df22362363fc6b3a093fea8972446efe59b962a
/Users/tydroelite/.openclaw/workspace/memory/index/2026-03-06-night-obsidian-refresh/source-map-refresh.md	3050	1772791891	0538348b652a6b1f8cfc1ad019ddf70a936e52765900230c8893d733d130bde3
/Users/tydroelite/.openclaw/workspace/scripts/agent-browser-smoke.sh	513	1772785418	3d8eb1221f7a767331ba86f41802d888bb645df1d6666f59a7e7b6c6c483a518
/Users/tydroelite/.openclaw/workspace/scripts/daily-checkpoint.sh	459	1772742747	74281a290cf286ac14d7ff553e0116dff93322fca19c4d77b39845362f15fc0b
/Users/tydroelite/.openclaw/workspace/scripts/daily-health-check.sh	1654	1772744331	2e2a35b7bf93b04ba1ad8744aed6e27955d4b014a42bb264cd331a441c0e219d
/Users/tydroelite/.openclaw/workspace/scripts/eod-memory-promotion.sh	1127	1772744331	7c98f02a2b8eea83c77b1efb6d381bafa228a52a7f060cbb45d4928aa51ed289
/Users/tydroelite/.openclaw/workspace/scripts/quality-gate-check.sh	2008	1772788556	f9f9007d4ec24a91388d39620628d189aa144becb11e68acff49a0fa8293886e
/Users/tydroelite/.openclaw/workspace/scripts/restore-cost-saver.sh	103	1772744331	2c16bcb8d3e3f1d1f9d38df8e37fe8676f0721234cfb504f880b9b2650ef060b
/Users/tydroelite/.openclaw/workspace/scripts/restore-jarvis-stable.sh	106	1772744331	43e5c172a6d465cad1ba4e6b265cfbfeb0b66add00cbb50c3e9b296e0768e33e
/Users/tydroelite/.openclaw/workspace/scripts/restore-profile.sh	1933	1772744331	a223ad21b9024155451302801961db7572988c3f0591042956e3626db59770e1
/Users/tydroelite/.openclaw/workspace/scripts/restore-safe-fallback.sh	106	1772744331	42893b137fbe01e3502f61d7d857c32360a9965e17f65805589bc27995233d4c
/Users/tydroelite/.openclaw/workspace/scripts/roi-rank-overnight.sh	1305	1772788556	596240a316ac6c23159171eea11a6df356d3afc69c1aaa9b961abfe0e428f81c
/Users/tydroelite/.openclaw/workspace/scripts/scu-cadence-receipt.sh	1648	1772787486	46ed4e8375c60ad16e9e830e1342f7fd648bf340ce34b6771f9d2db6985905e8
/Users/tydroelite/.openclaw/workspace/scripts/token-budget-dashboard.sh	1296	1772744331	7af28e0b31c76119df8bdd51f467c987824070cc14025ce6c5089b7a25215110
